variable_id,source_family,raw_source_label,proposed_analytical_label,semantic_status,allowed_terminology,prohibited_terminology,allowed_use,prohibited_use,evidence_source,notes
V01,headline_metrics,weekly_case,weekly dashboard-reported count,SUPPORTED_MEANING,dashboard-reported cases,infection incidence,descriptive source-field reporting,population rate,outputs/date_semantics_retest.json,Window is source-defined
V02,headline_metrics,weekly_death,weekly reported death count,SUPPORTED_MEANING,reported deaths,mortality rate,descriptive source-field reporting,population mortality,outputs/date_semantics_retest.json,Window is source-defined
V03,headline_metrics,cumulative_case,cumulative dashboard-reported count,SUPPORTED_MEANING,reported dashboard observations,infections,source cumulative description,population cumulative incidence,docs/B0.10-DATASET-FREEZE-AUDIT.md,No denominator
V04,headline_metrics,cumulative_death,cumulative reported death count,SUPPORTED_MEANING,reported deaths,case fatality rate,source cumulative description,causal mortality claim,docs/B0.10-DATASET-FREEZE-AUDIT.md,No denominator or linkage
V05,daily_series,confirmed_case,source-labelled daily series,AMBIGUOUS_MEANING,public dashboard observations,transmission series,raw chart audit,independent infection series,docs/b011-blocker-register.md,Chart label preserved
V06,daily_series,death_case,source-labelled daily death series,AMBIGUOUS_MEANING,reported deaths,mortality incidence,raw chart audit,population mortality,docs/b011-blocker-register.md,Chart semantics unresolved
V07,epi_week_series,by_week_case,EPI-week dashboard series,AMBIGUOUS_MEANING,reported dashboard observations,weekly incidence,descriptive chart audit,rate estimation,docs/b010_temporal_coverage.csv,W labels require year key
V08,epi_week_series,death_case,EPI-week death-related series,UNRESOLVED_MEANING,reported deaths,mortality rate,audit only,comparative mortality analysis,docs/b011-blocker-register.md,Exact component contract unresolved
V09,monthly_series,monthly_case_and_death_in_year,monthly dashboard series,AMBIGUOUS_MEANING,reported dashboard observations,monthly incidence,raw chart audit,rate estimation,docs/b010_temporal_coverage.csv,Case/death components need separate semantic mapping
V10,annual_series,year_case,annual dashboard series,AMBIGUOUS_MEANING,reported dashboard observations,annual incidence,raw chart audit,population trend rate,docs/b010_temporal_coverage.csv,Year categories source-defined
V11,division_data,division_case,division-labelled dashboard count,UNRESOLVED_MEANING,division-labelled observations,division risk,raw-label audit,patient-residence comparison,docs/b011-blocker-register.md,Attribution unresolved
V12,division_by_epi_week,affected_in_division_by_week,division by EPI-week source field,UNRESOLVED_MEANING,division-labelled observations,division transmission,raw-label audit,spatial inference,docs/b011-blocker-register.md,Attribution and time semantics unresolved
V13,city_corporation_data,div_city_cor_case_in_year,City Corporation-labelled count,UNRESOLVED_MEANING,City Corporation-labelled observations,urban population risk,raw-label audit,composition audit,docs/b011-blocker-register.md,Unit is not all urban Bangladesh
V14,within_outside_city_corporation,Dhaka Division (Out of CC),outside-City-Corporation-labelled field,UNRESOLVED_MEANING,outside-City-Corporation source label,rural observations,raw-label audit,source composition audit,rural/urban inference,docs/b011-geography-label-map.csv,No residence inference
V15,within_outside_city_corporation,DNCC,City Corporation source label,SUPPORTED_MEANING,DNCC-labelled observation,urban residents,source composition audit,all urban Bangladesh,outputs/b010_category_anomalies.csv,Abbreviation preserved
V16,within_outside_city_corporation,DSCC,City Corporation source label,SUPPORTED_MEANING,DSCC-labelled observation,urban residents,source composition audit,all urban Bangladesh,outputs/b010_category_anomalies.csv,Abbreviation preserved
V17,age_sex,Male,source sex-labelled age field,SUPPORTED_MEANING,male source category,gender identity,raw-label stratification,identity inference,docs/b011-analytical-language-contract.md,Raw label preserved
V18,age_sex,Female,source sex-labelled age field,SUPPORTED_MEANING,female source category,gender identity,raw-label stratification,identity inference,docs/b011-analytical-language-contract.md,Raw label preserved
V19,age_sex,Age Group,source age-group label,AMBIGUOUS_MEANING,raw age label,standardized age,raw-label audit,pooled age inference,metadata/b011-age-label-map.csv,Overlapping labels exist
V20,death_age_sex,dengue_death_by_age_group,death age-group chart,UNRESOLVED_MEANING,reported death age-labelled observations,mortality risk,audit only,rate or causal analysis,docs/b011-blocker-register.md,Definitions unresolved
V21,all_snapshots,Last Updated,displayed dashboard date,VERIFIED_MEANING,displayed dashboard date,date of occurrence,provenance/date integrity,calendar-day publication proof,docs/dghs-public-form-contract.md,As-returned date
