dataset_id,dataset_name,publisher,source_url,access_date,geographic_coverage,spatial_resolution,temporal_coverage,temporal_resolution,population_covered,case_definition_if_known,outcome_definition,file_or_endpoint_format,update_frequency,licence_or_terms,access_restrictions,missingness_known,revision_risk,known_reporting_changes,primary_or_secondary,provenance_tier,verification_status,notes
DGHS-DASHBOARD,Dengue Dynamic Dashboard,DGHS HEOC,https://dashboard.dghs.gov.bd/pages/heoc_dengue_v1.php,2026-09-30,Bangladesh,UNKNOWN,UNKNOWN,UNKNOWN,UNKNOWN,UNKNOWN,reported dengue fields,dynamic HTML/unknown,unknown,unknown,public page; endpoint unverified,unknown,HIGH,UNKNOWN,primary,1,PARTIALLY_VERIFIED,Official entry point; dynamic page timed out for text retrieval
DGHS-PRESS,Daily dengue status archive,DGHS,https://old.dghs.gov.bd/index.php/bd/home/5200-daily-dengue-status-report,2026-09-30,Bangladesh/unknown,UNKNOWN,archive varies,daily where posted,UNKNOWN,UNKNOWN,reported dengue status,HTML/PDF links,irregular/unknown,unknown,public archive,unknown,HIGH,UNKNOWN,primary,1,PARTIALLY_VERIFIED,File-level extraction pending
BBS-CENSUS-2022,Population and Housing Census 2022,BBS,https://nsds.bbs.gov.bd/storage/files/1/Publications/BBS_Preliminary_Census_2022.pdf,2026-09-30,Bangladesh/divisions/census geographies,reported administrative levels,2022,enumeration/census,usual resident population,not applicable,population counts,PDF,one-off,official publication,public,known reference period,low for census file,administrative compatibility pending,primary,1,VERIFIED,Denominator anchor
BMD-CLIMATE,Climate and data services,BMD,https://bmd.gov.bd/web/en/climate,2026-09-30,Bangladesh stations,station,coverage varies,unknown,not applicable,not applicable,rainfall/temperature/humidity,web/data service,unknown,terms unresolved,service/data access may be restricted,unknown,unknown,unknown,primary,1,VERIFIED,Page verifies available categories, not raw data access
DGHS-BOUNDARIES,District boundaries FeatureServer,DGHS GIS,https://gis.dghs.gov.bd/server/rest/services/Hosted/bgd_admbnda_adm2_bbs_20201113/FeatureServer,2026-09-30,Bangladesh,64 districts,2020-11-13 snapshot,static/service,not applicable,not applicable,polygons,ArcGIS REST JSON,unknown,licence unresolved,public service,unknown,versioned,administrative changes must be checked,primary,1,VERIFIED,EPSG:4326 described in service metadata
DGHS-PUBLIC-REPORT-SERVER,Dengue Public Report Server,DGHS/HISP Bangladesh,https://denguereports.dghs.gov.bd/dengue/,2026-09-30,Bangladesh/unknown,UNKNOWN,UNKNOWN,unknown,UNKNOWN,UNKNOWN,report lookup,HTML form/OTP,unknown,terms/privacy linked,phone number and OTP required,unknown,unknown,unknown,primary,1,VERIFIED,Endpoint exists but was not used because access is authenticated/restricted
DGHS-DASHBOARD-RENDERED,Rendered dashboard presentation fields,DGHS HEOC/MIS,https://dashboard.dghs.gov.bd/pages/heoc_dengue_v1.php,2026-09-30,Bangladesh with division/city-corporation views; district raw fields not recovered,division/city corporation visible; raw district resolution unknown,current indexed view and archive navigation,year/month/date plus current view,UNKNOWN,UNKNOWN,cases/deaths/age-sex presentation,HTML rendered/search-indexed content,daily/current view,unknown,public page,raw schema/missingness/revisions unknown,HIGH,UNKNOWN,primary,1,PARTIALLY_VERIFIED,Presentation schema only; not treated as raw data
DGHS-DHIS2-DIRECTORY,DGHS DHIS2 service directory,DGHS/MIS,https://dghs.gov.bd/pages/static-pages/6922e107933eb65569e29b29,2026-09-30,National health systems,UNKNOWN,aggregated till 2025 and tracker links from 2026,unknown,UNKNOWN,UNKNOWN,health information system links,HTML directory/login links,unknown,login/access terms,credentials and possibly 2FA required,unknown,HIGH,UNKNOWN,primary,1,VERIFIED,Inspected as a potential official route; no dengue raw data accessed
DGHS-SURVEILLANCE-MAPPING-2026,Mapping of the Disease Infectious Surveillance System in Bangladesh,DGHS/MOHFW,https://objectstorage.ap-dcc-gazipur-1.oraclecloud15.com/n/axvjbnqprylg/b/V2Ministry/o/office-dghs/2026/1/3aff1c70-41ba-41c6-a913-a6875b2ecde5.pdf,2026-09-30,Bangladesh,facility/sentinel/national,2023-2026 context,facility/daily flow,primarily admitted dengue patients,official surveillance definitions,governance/data-flow/coverage metadata,PDF,unknown,official publication,raw data restricted; aggregate research access may be possible,unknown,HIGH,2025 expansion toward public/private coverage,primary,1,VERIFIED,Formal request route identified; no request submitted
PAPER-2026-DENGUE-PROCESSED,2026 BMC paper processed workbooks and notebook,Paper authors,https://doi.org/10.1186/s12889-026-28806-y,2026-09-30,Bangladesh/64 districts,64 districts,2022-2025,daily with imputation,reported hospital admissions,reported admissions/deaths/discharges/current admitted,workbooks/notebook,one-off,availability on reasonable request,not publicly located,19 missing dates imputed,HIGH,facility/reporting geography and 2025 coverage caveats,secondary,2,VERIFIED,Author route only; no request sent
WHO-DENGUE-SITREP-2023-08,WHO Bangladesh dengue situation report issue 8,WHO Bangladesh,https://cdn.who.int/media/docs/default-source/searo/bangladesh/dengue-sitrep/dengue-sitrep-issue-8.pdf,2026-09-30,Bangladesh/divisions/districts,division/district summary,2023,weekly/situational,NS1 or IgM-positive hospitalised persons in reporting facilities,WHO report definition,weekly counts and deaths,PDF,weekly during outbreak,public report,not complete raw DGHS series,unknown,unknown,secondary,2,VERIFIED,Contextual secondary source only; not a substitute
